-- Chèn 30 bản ghi vào bảng Users
INSERT INTO Users (name, email, password_hash, role, created_at) VALUES
('Nguyễn Thị Minh Anh', 'minhanh.nguyen921@gmail.com', '$2b$10$hash123', 'job_seeker', NOW()),
('Trần Đức Hùng', 'duchung.tran88@outlook.com', '$2b$10$hash456', 'job_seeker', NOW()),
('Lê Văn Quang', 'quangle@jobhive.vn', '$2b$10$hash789', 'admin', NOW()),
('Phạm Thị Ngọc Mai', 'ngocmai.pham95@gmail.com', '$2b$10$hash101', 'job_seeker', NOW()),
('Hoàng Minh Tuấn', 'tuanhoang99@yahoo.com', '$2b$10$hash102', 'job_seeker', NOW()),
('Vũ Thị Thu Hà', 'thuha.vu90@gmail.com', '$2b$10$hash103', 'job_seeker', NOW()),
('Ngô Đình Bảo', 'bao.ngo87@outlook.com', '$2b$10$hash104', 'job_seeker', NOW()),
('Đỗ Thị Lan Anh', 'lananh.do94@gmail.com', '$2b$10$hash105', 'job_seeker', NOW()),
('Bùi Văn Nam', 'nam.bui91@gmail.com', '$2b$10$hash106', 'job_seeker', NOW()),
('Trương Thị Hồng Nhung', 'hongnhung.truong96@gmail.com', '$2b$10$hash107', 'job_seeker', NOW()),
('Lý Minh Đức', 'duc.ly89@outlook.com', '$2b$10$hash108', 'job_seeker', NOW()),
('Nguyễn Văn Hùng', 'hung.nguyen85@gmail.com', '$2b$10$hash109', 'job_seeker', NOW()),
('Phan Thị Thanh Tâm', 'thanhtam.phan93@gmail.com', '$2b$10$hash110', 'job_seeker', NOW()),
('Võ Văn Khánh', 'khanh.vo97@yahoo.com', '$2b$10$hash111', 'job_seeker', NOW()),
('Đặng Thị Kim Oanh', 'kimoanh.dang98@gmail.com', '$2b$10$hash112', 'job_seeker', NOW()),
('Trần Văn Long', 'long.tran86@outlook.com', '$2b$10$hash113', 'job_seeker', NOW()),
('Lê Thị Bích Ngọc', 'bichngoc.le94@gmail.com', '$2b$10$hash114', 'job_seeker', NOW()),
('Hoàng Văn Tùng', 'tung.hoang90@gmail.com', '$2b$10$hash115', 'job_seeker', NOW()),
('Nguyễn Thị Thu Trang', 'thutrang.nguyen95@gmail.com', '$2b$10$hash116', 'job_seeker', NOW()),
('Phạm Văn Thành', 'thanh.pham88@yahoo.com', '$2b$10$hash117', 'job_seeker', NOW()),
('Vũ Thị Mai Linh', 'mailinh.vu93@gmail.com', '$2b$10$hash118', 'job_seeker', NOW()),
('Bùi Thị Hồng Hạnh', 'honghanh.bui97@gmail.com', '$2b$10$hash119', 'job_seeker', NOW()),
('Ngô Văn Hậu', 'hau.ngo91@outlook.com', '$2b$10$hash120', 'job_seeker', NOW()),
('Đỗ Minh Hiếu', 'hieu.do89@gmail.com', '$2b$10$hash121', 'job_seeker', NOW()),
('Trương Văn Phúc', 'phuc.truong96@yahoo.com', '$2b$10$hash122', 'job_seeker', NOW()),
('Lý Thị Ánh Tuyết', 'anhtuyet.ly94@gmail.com', '$2b$10$hash123', 'job_seeker', NOW()),
('Nguyễn Văn Đạt', 'dat.nguyen87@gmail.com', '$2b$10$hash124', 'job_seeker', NOW()),
('Phan Thị Minh Thư', 'minhthu.phan92@gmail.com', '$2b$10$hash125', 'job_seeker', NOW()),
('Võ Thị Kim Ngân', 'kimngan.vo98@outlook.com', '$2b$10$hash126', 'job_seeker', NOW()),
('Đặng Văn Hoàng', 'hoang.dang90@gmail.com', '$2b$10$hash127', 'job_seeker', NOW());

-- Chèn 30 bản ghi vào bảng Companies
INSERT INTO Companies (company_name, description, location, logo_path) VALUES
('VNG Corporation', 'VNG là tập đoàn công nghệ hàng đầu Việt Nam, chuyên về Zalo, ZaloPay, và trò chơi trực tuyến. Với hơn 2.000 nhân viên, chúng tôi cam kết xây dựng môi trường sáng tạo.', 'TP. Hồ Chí Minh, Việt Nam', '/logos/vng.png'),
('FPT Software', 'FPT Software là công ty phần mềm lớn nhất Việt Nam, phục vụ khách hàng toàn cầu với hơn 20.000 nhân viên tại 29 quốc gia.', 'Hà Nội, Việt Nam', '/logos/fptsoftware.png'),
('Vinmec International Hospital', 'Vinmec cung cấp dịch vụ y tế chất lượng cao với công nghệ tiên tiến và đội ngũ bác sĩ chuyên môn cao.', 'Đà Nẵng, Việt Nam', '/logos/vinmec.png'),
('Tiki Corporation', 'Tiki là nền tảng thương mại điện tử hàng đầu, cung cấp hàng triệu sản phẩm từ sách đến đồ điện tử.', 'TP. Hồ Chí Minh, Việt Nam', '/logos/tiki.png'),
('Shopee Vietnam', 'Shopee là sàn thương mại điện tử lớn nhất Đông Nam Á, tìm kiếm nhân tài để phát triển công nghệ.', 'TP. Hồ Chí Minh, Việt Nam', '/logos/shopee.png'),
('Techcombank', 'Techcombank là ngân hàng thương mại hàng đầu, cung cấp giải pháp tài chính toàn diện.', 'Hà Nội, Việt Nam', '/logos/techcombank.png'),
('Viettel Solutions', 'Viettel Solutions cung cấp giải pháp công nghệ thông tin và viễn thông, thuộc Tập đoàn Viettel.', 'Hà Nội, Việt Nam', '/logos/viettel.png'),
('Grab Vietnam', 'Grab là siêu ứng dụng Đông Nam Á, cung cấp dịch vụ gọi xe, giao hàng, và thanh toán.', 'TP. Hồ Chí Minh, Việt Nam', '/logos/grab.png'),
('TMA Solutions', 'TMA Solutions là công ty gia công phần mềm lớn với hơn 3.000 kỹ sư, phục vụ khách hàng toàn cầu.', 'TP. Hồ Chí Minh, Việt Nam', '/logos/tma.png'),
('Lazada Vietnam', 'Lazada là nền tảng thương mại điện tử, cung cấp trải nghiệm mua sắm đa dạng.', 'TP. Hồ Chí Minh, Việt Nam', '/logos/lazada.png'),
('VPBank', 'VPBank là ngân hàng thương mại hàng đầu, cung cấp sản phẩm tài chính sáng tạo.', 'Hà Nội, Việt Nam', '/logos/vpbank.png'),
('Mobifone', 'Mobifone là nhà mạng viễn thông lớn, cung cấp dịch vụ di động và giải pháp công nghệ.', 'Hà Nội, Việt Nam', '/logos/mobifone.png'),
('Haravan', 'Haravan cung cấp giải pháp thương mại điện tử và bán lẻ omnichannel cho doanh nghiệp.', 'TP. Hồ Chí Minh, Việt Nam', '/logos/haravan.png'),
('VNG Cloud', 'VNG Cloud cung cấp giải pháp điện toán đám mây, hỗ trợ doanh nghiệp chuyển đổi số.', 'TP. Hồ Chí Minh, Việt Nam', '/logos/vngcloud.png'),
('VinHomes', 'VinHomes là công ty bất động sản hàng đầu, phát triển các dự án đô thị hiện đại.', 'Hà Nội, Việt Nam', '/logos/vinhomes.png'),
('Sendo', 'Sendo là sàn thương mại điện tử Việt Nam, cung cấp hàng hóa đa dạng.', 'TP. Hồ Chí Minh, Việt Nam', '/logos/sendo.png'),
('KMS Technology', 'KMS Technology là công ty phát triển phần mềm, phục vụ doanh nghiệp toàn cầu.', 'TP. Hồ Chí Minh, Việt Nam', '/logos/kms.png'),
('ACB', 'ACB là ngân hàng thương mại cổ phần, cung cấp giải pháp tài chính hiện đại.', 'Hà Nội, Việt Nam', '/logos/acb.png'),
('Zalo', 'Zalo là ứng dụng nhắn tin và mạng xã hội lớn nhất Việt Nam, thuộc VNG.', 'TP. Hồ Chí Minh, Việt Nam', '/logos/zalo.png'),
('VinFast', 'VinFast là công ty sản xuất ô tô và xe máy điện, thuộc Vingroup.', 'Hà Nội, Việt Nam', '/logos/vinfast.png'),
('FWD Vietnam', 'FWD là công ty bảo hiểm quốc tế, cung cấp sản phẩm bảo hiểm nhân thọ.', 'TP. Hồ Chí Minh, Việt Nam', '/logos/fwd.png'),
('Be Group', 'Be Group là siêu ứng dụng Việt Nam, cung cấp dịch vụ gọi xe và giao hàng.', 'TP. Hồ Chí Minh, Việt Nam', '/logos/be.png'),
('Sun Group', 'Sun Group đầu tư vào bất động sản, du lịch và giải trí với các dự án lớn.', 'Đà Nẵng, Việt Nam', '/logos/sungroup.png'),
('Topica Edtech Group', 'Topica cung cấp khóa học trực tuyến chất lượng cao trong lĩnh vực giáo dục.', 'Hà Nội, Việt Nam', '/logos/topica.png'),
('Gameloft Vietnam', 'Gameloft phát triển trò chơi di động với đội ngũ sáng tạo tại Việt Nam.', 'TP. Hồ Chí Minh, Việt Nam', '/logos/gameloft.png'),
('VIB Bank', 'VIB là ngân hàng thương mại cổ phần, cung cấp giải pháp tài chính hiện đại.', 'Hà Nội, Việt Nam', '/logos/vib.png'),
('RMIT Vietnam', 'RMIT Vietnam là trường đại học quốc tế, cung cấp giáo dục chất lượng cao.', 'TP. Hồ Chí Minh, Việt Nam', '/logos/rmit.png'),
('PwC Vietnam', 'PwC là công ty kiểm toán và tư vấn, phục vụ doanh nghiệp toàn cầu.', 'Hà Nội, Việt Nam', '/logos/pwc.png'),
('Unilever Vietnam', 'Unilever là tập đoàn hàng tiêu dùng nhanh, cung cấp sản phẩm như Dove, Omo.', 'TP. Hồ Chí Minh, Việt Nam', '/logos/unilever.png'),
('Nestlé Vietnam', 'Nestlé là công ty thực phẩm và đồ uống lớn nhất thế giới, có chi nhánh tại Việt Nam.', 'Hà Nội, Việt Nam', '/logos/nestle.png');

-- Chèn 30 bản ghi vào bảng Jobs (sửa lỗi cú pháp)
INSERT INTO Jobs (company_id, title, description, location, category, job_type, experience_level, salary, remote_option, qualifications, perks, date_posted, application_deadline) VALUES
(1, 'Kỹ sư Phần mềm Cao cấp', 'VNG đang tìm kiếm Kỹ sư Phần mềm Cao cấp để phát triển hệ thống backend cho ZaloPay. Bạn sẽ thiết kế API hiệu quả, tối ưu hóa cơ sở dữ liệu MySQL, và tích hợp với AWS. Làm việc cùng đội ngũ kỹ sư tài năng, bạn sẽ đóng góp vào sản phẩm có hàng triệu người dùng. Yêu cầu: 5+ năm kinh nghiệm với Java hoặc Go, kinh nghiệm với microservices và hệ thống phân tán.', 'TP. Hồ Chí Minh', 'IT_Software', 'Full-time', 'Senior', '40-60 triệu VND', 'Hybrid', 'Tốt nghiệp ĐH CNTT\n5+ năm kinh nghiệm Java/Go\nBiết AWS', 'Thưởng hiệu suất\nBảo hiểm sức khỏe\n15 ngày phép', NOW(), '2025-07-18'),
(2, 'Chuyên viên Marketing Số', 'FPT Software cần Chuyên viên Marketing Số để xây dựng chiến dịch quảng cáo trực tuyến và tối ưu SEO/SEM. Bạn sẽ quản lý Google Ads, phân tích dữ liệu với Google Analytics, và phối hợp với đội thiết kế. Cơ hội làm việc với khách hàng quốc tế tại Nhật, Mỹ. Yêu cầu: 3+ năm kinh nghiệm, thành thạo Google Analytics.', 'Hà Nội', 'Marketing', 'Full-time', 'Mid', '25-40 triệu VND', 'Onsite', 'Tốt nghiệp ĐH Marketing\n3+ năm kinh nghiệm\nThành thạo Google Analytics', 'Bảo hiểm\nDu lịch công ty\nĐào tạo quốc tế', NOW(), '2025-07-20'),
(3, 'Bác sĩ Đa khoa', 'Vinmec cần Bác sĩ Đa khoa để khám và điều trị bệnh nhân tại Đà Nẵng. Bạn sẽ sử dụng thiết bị y tế hiện đại, tham gia hội thảo chuyên môn, và phối hợp với đội ngũ y tá. Yêu cầu: Tốt nghiệp ĐH Y, 3+ năm kinh nghiệm, có chứng chỉ hành nghề.', 'Đà Nẵng', 'Healthcare', 'Full-time', 'Mid', '30-50 triệu VND', 'Onsite', 'Tốt nghiệp ĐH Y\n3+ năm kinh nghiệm\nChứng chỉ hành nghề', 'Bảo hiểm y tế\nHỗ trợ nhà ở\nĐào tạo', NOW(), '2025-07-15'),
(4, 'Nhân viên Kho', 'Tiki cần Nhân viên Kho để quản lý hàng hóa và đảm bảo giao hàng đúng hạn. Bạn sẽ kiểm tra tồn kho, đóng gói sản phẩm, và sử dụng hệ thống quản lý kho. Yêu cầu: Tốt nghiệp THPT, sức khỏe tốt, cẩn thận trong công việc.', 'TP. Hồ Chí Minh', 'Government_Public_Sector', 'Full-time', 'Entry', '10-15 triệu VND', 'Onsite', 'Tốt nghiệp THPT\nSức khỏe tốt', 'Thưởng lễ\nBảo hiểm\nHỗ trợ ăn trưa', NOW(), '2025-07-10'),
(5, 'Kỹ sư AI', 'Shopee cần Kỹ sư AI để phát triển hệ thống gợi ý sản phẩm. Bạn sẽ làm việc với Python, TensorFlow, và xử lý big data. Yêu cầu: 3+ năm kinh nghiệm AI, tốt nghiệp ĐH CNTT, có kinh nghiệm với machine learning.', 'TP. Hồ Chí Minh', 'IT_Software', 'Full-time', 'Mid', '30-50 triệu VND', 'Hybrid', 'Tốt nghiệp ĐH CNTT\n3+ năm kinh nghiệm AI\nBiết TensorFlow', 'Thưởng dự án\nLaptop hỗ trợ\n12 ngày phép', NOW(), '2025-07-25'),
(6, 'Chuyên viên Tín dụng', 'Techcombank cần Chuyên viên Tín dụng để thẩm định hồ sơ vay. Bạn sẽ tư vấn khách hàng, phân tích tài chính, và đảm bảo tuân thủ quy định. Yêu cầu: Tốt nghiệp ĐH Tài chính, 2+ năm kinh nghiệm.', 'Hà Nội', 'Finance', 'Full-time', 'Mid', '20-35 triệu VND', 'Onsite', 'Tốt nghiệp ĐH Tài chính\n2+ năm kinh nghiệm', 'Thưởng cuối năm\nBảo hiểm\nĐào tạo', NOW(), '2025-07-12'),
(7, 'Kỹ sư Viễn thông', 'Viettel Solutions cần Kỹ sư Viễn thông để triển khai hệ thống mạng 5G. Bạn sẽ thiết kế hạ tầng, tối ưu hiệu suất mạng, và xử lý sự cố. Yêu cầu: Tốt nghiệp ĐH Viễn thông, 3+ năm kinh nghiệm.', 'Hà Nội', 'IT_Software', 'Full-time', 'Mid', '25-40 triệu VND', 'Onsite', 'Tốt nghiệp ĐH Viễn thông\n3+ năm kinh nghiệm', 'Bảo hiểm\nHỗ trợ nhà ở\nDu lịch', NOW(), '2025-07-18'),
(8, 'Nhân viên Hỗ trợ Khách hàng', 'Grab cần Nhân viên Hỗ trợ Khách hàng để giải quyết thắc mắc qua hotline và email. Bạn sẽ hỗ trợ khách hàng về dịch vụ gọi xe, giao hàng. Yêu cầu: Tốt nghiệp THPT, giao tiếp tốt.', 'TP. Hồ Chí Minh', 'Government_Public_Sector', 'Full-time', 'Entry', '10-15 triệu VND', 'Onsite', 'Tốt nghiệp THPT\nGiao tiếp tốt', 'Thưởng KPI\nBảo hiểm\nHỗ trợ ăn trưa', NOW(), '2025-07-10'),
(9, 'Lập trình viên Mobile', 'TMA Solutions cần Lập trình viên Mobile để phát triển ứng dụng iOS/Android. Bạn sẽ làm việc với Flutter hoặc React Native, đảm bảo chất lượng sản phẩm. Yêu cầu: 2+ năm kinh nghiệm mobile.', 'TP. Hồ Chí Minh', 'IT_Software', 'Full-time', 'Mid', '20-35 triệu VND', 'Hybrid', 'Tốt nghiệp ĐH CNTT\n2+ năm kinh nghiệm mobile', 'Thưởng dự án\nBảo hiểm\nĐào tạo', NOW(), '2025-07-20'),
(10, 'Quản lý Kho', 'Lazada cần Quản lý Kho để giám sát hoạt động kho bãi, tối ưu quy trình, và quản lý đội nhóm. Bạn sẽ đảm bảo hàng hóa được xử lý nhanh chóng. Yêu cầu: Tốt nghiệp ĐH, 3+ năm kinh nghiệm quản lý kho.', 'TP. Hồ Chí Minh', 'Government_Public_Sector', 'Full-time', 'Mid', '20-30 triệu VND', 'Onsite', 'Tốt nghiệp ĐH\n3+ năm kinh nghiệm quản lý kho', 'Thưởng hiệu suất\nBảo hiểm\nHỗ trợ ăn uống', NOW(), '2025-07-15'),
(11, 'Chuyên viên Quan hệ Khách hàng', 'VPBank cần Chuyên viên Quan hệ Khách hàng để tư vấn sản phẩm tài chính, chăm sóc khách hàng VIP. Yêu cầu: Tốt nghiệp ĐH Kinh tế, 2+ năm kinh nghiệm.', 'Hà Nội', 'Finance', 'Full-time', 'Mid', '18-30 triệu VND', 'Onsite', 'Tốt nghiệp ĐH Kinh tế\n2+ năm kinh nghiệm', 'Thưởng doanh số\nBảo hiểm\nĐào tạo', NOW(), '2025-07-12'),
(12, 'Kỹ sư Hệ thống', 'Mobifone cần Kỹ sư Hệ thống để quản lý hạ tầng mạng, làm việc với Linux, Docker. Yêu cầu: Tốt nghiệp ĐH CNTT, 3+ năm kinh nghiệm hệ thống.', 'Hà Nội', 'IT_Software', 'Full-time', 'Mid', '25-40 triệu VND', 'Onsite', 'Tốt nghiệp ĐH CNTT\n3+ năm kinh nghiệm', 'Bảo hiểm\nHỗ trợ nhà ở\nDu lịch', NOW(), '2025-07-18'),
(13, 'Chuyên viên Thương mại Điện tử', 'Haravan cần Chuyên viên Thương mại Điện tử để hỗ trợ khách hàng triển khai website bán hàng. Yêu cầu: Tốt nghiệp ĐH Marketing, 2+ năm kinh nghiệm.', 'TP. Hồ Chí Minh', 'Marketing', 'Full-time', 'Mid', '20-30 triệu VND', 'Hybrid', 'Tốt nghiệp ĐH Marketing\n2+ năm kinh nghiệm', 'Thưởng dự án\nBảo hiểm\nĐào tạo', NOW(), '2025-07-20'),
(14, 'Kỹ sư DevOps', 'VNG Cloud cần Kỹ sư DevOps để triển khai hệ thống CI/CD, làm việc với Kubernetes, AWS. Yêu cầu: Tốt nghiệp ĐH CNTT, 3+ năm kinh nghiệm DevOps.', 'TP. Hồ Chí Minh', 'IT_Software', 'Full-time', 'Mid', '30-50 triệu VND', 'Hybrid', 'Tốt nghiệp ĐH CNTT\n3+ năm kinh nghiệm DevOps', 'Thưởng hiệu suất\nLaptop hỗ trợ\n15 ngày phép', NOW(), '2025-07-25'),
(15, 'Nhân viên Kinh doanh Bất động sản', 'VinHomes cần Nhân viên Kinh doanh để tư vấn bán căn hộ, chăm sóc khách hàng. Yêu cầu: Tốt nghiệp THPT, giao tiếp tốt.', 'Hà Nội', 'Marketing', 'Full-time', 'Entry', '15-30 triệu VND', 'Onsite', 'Tốt nghiệp THPT\nGiao tiếp tốt', 'Thưởng hoa hồng\nBảo hiểm\nĐào tạo', NOW(), '2025-07-15'),
(16, 'Nhân viên Hỗ trợ Khách hàng', 'Sendo cần Nhân viên Hỗ trợ để xử lý khiếu nại khách hàng qua email, điện thoại. Yêu cầu: Tốt nghiệp THPT, giao tiếp tốt.', 'TP. Hồ Chí Minh', 'Government_Public_Sector', 'Full-time', 'Entry', '10-15 triệu VND', 'Onsite', 'Tốt nghiệp THPT\nGiao tiếp tốt', 'Thưởng KPI\nBảo hiểm\nHỗ trợ ăn trưa', NOW(), '2025-07-10'),
(17, 'Lập trình viên Backend', 'KMS Technology cần Lập trình viên Backend để phát triển hệ thống với Node.js, Java. Yêu cầu: Tốt nghiệp ĐH CNTT, 3+ năm kinh nghiệm.', 'TP. Hồ Chí Minh', 'IT_Software', 'Full-time', 'Mid', '25-40 triệu VND', 'Hybrid', 'Tốt nghiệp ĐH CNTT\n3+ năm kinh nghiệm', 'Thưởng dự án\nBảo hiểm\nĐào tạo quốc tế', NOW(), '2025-07-20'),
(18, 'Chuyên viên Kế toán', 'ACB cần Chuyên viên Kế toán để xử lý báo cáo tài chính, kiểm soát chi phí. Yêu cầu: Tốt nghiệp ĐH Kế toán, 2+ năm kinh nghiệm.', 'Hà Nội', 'Finance', 'Full-time', 'Mid', '20-35 triệu VND', 'Onsite', 'Tốt nghiệp ĐH Kế toán\n2+ năm kinh nghiệm', 'Thưởng cuối năm\nBảo hiểm\nĐào tạo', NOW(), '2025-07-12'),
(19, 'Nhân viên Nội dung', 'Zalo cần Nhân viên Nội dung để phát triển nội dung cho mạng xã hội, tạo bài viết thu hút. Yêu cầu: Tốt nghiệp ĐH Truyền thông, 2+ năm kinh nghiệm.', 'TP. Hồ Chí Minh', 'Marketing', 'Full-time', 'Mid', '20-30 triệu VND', 'Hybrid', 'Tốt nghiệp ĐH Truyền thông\n2+ năm kinh nghiệm', 'Thưởng sáng tạo\nBảo hiểm\nHỗ trợ thiết bị', NOW(), '2025-07-20'),
(20, 'Kỹ sư Cơ khí', 'VinFast cần Kỹ sư Cơ khí để thiết kế linh kiện ô tô, làm việc với phần mềm CAD. Yêu cầu: Tốt nghiệp ĐH Cơ khí, 3+ năm kinh nghiệm.', 'Hà Nội', 'Government_Public_Sector', 'Full-time', 'Mid', '25-40 triệu VND', 'Onsite', 'Tốt nghiệp ĐH Cơ khí\n3+ năm kinh nghiệm', 'Bảo hiểm\nHỗ trợ nhà ở\nĐào tạo', NOW(), '2025-07-30'),
(21, 'Chuyên viên Bảo hiểm', 'FWD cần Chuyên viên Bảo hiểm để tư vấn sản phẩm bảo hiểm nhân thọ. Yêu cầu: Tốt nghiệp ĐH, giao tiếp tốt, kỹ năng bán hàng.', 'TP. Hồ Chí Minh', 'Finance', 'Full-time', 'Entry', '15-25 triệu VND', 'Onsite', 'Tốt nghiệp ĐH\nGiao tiếp tốt', 'Thưởng hoa hồng\nBảo hiểm\nDu lịch', NOW(), '2025-07-15'),
(22, 'Nhân viên Giao hàng', 'Be Group cần Nhân viên Giao hàng để giao thực phẩm, hàng hóa. Yêu cầu: Có xe máy, sức khỏe tốt.', 'TP. Hồ Chí Minh', 'Government_Public_Sector', 'Full-time', 'Entry', '10-15 triệu VND', 'Onsite', 'Có xe máy\nSức khỏe tốt', 'Thưởng KPI\nHỗ trợ xăng xe', NOW(), '2025-07-10'),
(23, 'Nhân viên Kinh doanh Du lịch', 'Sun Group cần Nhân viên Kinh doanh để bán tour du lịch, chăm sóc khách hàng. Yêu cầu: Tốt nghiệp THPT, giao tiếp tốt.', 'Đà Nẵng', 'Marketing', 'Full-time', 'Entry', '15-20 triệu VND', 'Onsite', 'Tốt nghiệp THPT\nGiao tiếp tốt', 'Thưởng hoa hồng\nBảo hiểm\nDu lịch', NOW(), '2025-07-15'),
(24, 'Giảng viên Tiếng Anh', 'Topica cần Giảng viên Tiếng Anh để dạy học trực tuyến. Yêu cầu: Tốt nghiệp ĐH Sư phạm, 2+ năm kinh nghiệm giảng dạy.', 'Hà Nội', 'Government_Public_Sector', 'Part-time', 'Mid', '15-25 triệu VND', 'Remote', 'Tốt nghiệp ĐH Sư phạm\n2+ năm kinh nghiệm', 'Thưởng giảng dạy\nHỗ trợ thiết bị', NOW(), '2025-07-20'),
(25, 'Lập trình viên Game', 'Gameloft cần Lập trình viên Game để phát triển trò chơi di động với Unity. Yêu cầu: Tốt nghiệp ĐH CNTT, 2+ năm kinh nghiệm Unity.', 'TP. Hồ Chí Minh', 'IT_Software', 'Full-time', 'Mid', '20-35 triệu VND', 'Hybrid', 'Tốt nghiệp ĐH CNTT\n2+ năm kinh nghiệm Unity', 'Thưởng dự án\nBảo hiểm\nĐào tạo', NOW(), '2025-07-20'),
(26, 'Chuyên viên Tín dụng Cá nhân', 'VIB cần Chuyên viên Tín dụng để thẩm định hồ sơ vay cá nhân. Yêu cầu: Tốt nghiệp ĐH Tài chính, 2+ năm kinh nghiệm.', 'Hà Nội', 'Finance', 'Full-time', 'Mid', '20-30 triệu VND', 'Onsite', 'Tốt nghiệp ĐH Tài chính\n2+ năm kinh nghiệm', 'Thưởng doanh số\nBảo hiểm\nĐào tạo', NOW(), '2025-07-12'),
(27, 'Nhân viên Hành chính', 'RMIT Vietnam cần Nhân viên Hành chính để hỗ trợ quản lý văn phòng, xử lý tài liệu. Yêu cầu: Tốt nghiệp ĐH, 2+ năm kinh nghiệm.', 'TP. Hồ Chí Minh', 'Government_Public_Sector', 'Full-time', 'Mid', '15-25 triệu VND', 'Onsite', 'Tốt nghiệp ĐH\n2+ năm kinh nghiệm', 'Bảo hiểm\nHỗ trợ học phí\nĐào tạo', NOW(), '2025-07-15'),
(28, 'Chuyên viên Kiểm toán', 'PwC cần Chuyên viên Kiểm toán để kiểm tra báo cáo tài chính khách hàng. Yêu cầu: Tốt nghiệp ĐH Kế toán, 3+ năm kinh nghiệm.', 'Hà Nội', 'Finance', 'Full-time', 'Mid', '25-40 triệu VND', 'Onsite', 'Tốt nghiệp ĐH Kế toán\n3+ năm kinh nghiệm', 'Thưởng dự án\nBảo hiểm\nĐào tạo quốc tế', NOW(), '2025-07-20'),
(29, 'Chuyên viên Trade Marketing', 'Unilever cần Chuyên viên Trade Marketing để xây dựng chiến lược bán hàng. Yêu cầu: Tốt nghiệp ĐH Marketing, 3+ năm kinh nghiệm.', 'TP. Hồ Chí Minh', 'Marketing', 'Full-time', 'Mid', '25-40 triệu VND', 'Onsite', 'Tốt nghiệp ĐH Marketing\n3+ năm kinh nghiệm', 'Thưởng hiệu suất\nBảo hiểm\nĐào tạo', NOW(), '2025-07-20'),
(30, 'Nhân viên Bán hàng', 'Nestlé cần Nhân viên Bán hàng để phát triển thị trường thực phẩm. Yêu cầu: Tốt nghiệp THPT, giao tiếp tốt, kỹ năng bán hàng.', 'Hà Nội', 'Marketing', 'Full-time', 'Entry', '15-20 triệu VND', 'Onsite', 'Tốt nghiệp THPT\nGiao tiếp tốt', 'Thưởng doanh số\nBảo hiểm\nHỗ trợ đi lại', NOW(), '2025-07-15');

-- Chèn 30 bản ghi vào bảng SavedJobs
INSERT INTO SavedJobs (user_id, job_id, saved_at) VALUES
(1, 1, NOW()),
(1, 5, NOW()),
(2, 2, NOW()),
(2, 7, NOW()),
(3, 3, NOW()),
(4, 4, NOW()),
(4, 8, NOW()),
(5, 9, NOW()),
(5, 14, NOW()),
(6, 6, NOW()),
(7, 10, NOW()),
(8, 11, NOW()),
(9, 12, NOW()),
(10, 13, NOW()),
(11, 15, NOW()),
(12, 16, NOW()),
(13, 17, NOW()),
(14, 18, NOW()),
(15, 19, NOW()),
(16, 20, NOW()),
(17, 21, NOW()),
(18, 22, NOW()),
(19, 23, NOW()),
(20, 24, NOW()),
(21, 25, NOW()),
(22, 26, NOW()),
(23, 27, NOW()),
(24, 28, NOW()),
(25, 29, NOW()),
(26, 30, NOW());

-- Chèn 30 bản ghi vào bảng Feedback
INSERT INTO Feedback (user_id, rating, comments, submitted_at) VALUES
(1, 5, 'Nền tảng dễ sử dụng, nhiều công việc chất lượng, rất hữu ích cho người tìm việc.', NOW()),
(2, 4, 'Tìm việc nhanh, nhưng cần thêm bộ lọc chi tiết hơn như mức lương hoặc kinh nghiệm.', NOW()),
(3, 5, 'Hệ thống quản lý tốt, hỗ trợ admin nhanh chóng và chuyên nghiệp.', NOW()),
(4, 3, 'Tốc độ tải trang hơi chậm, cần cải thiện hiệu suất website.', NOW()),
(5, 4, 'Nhiều cơ hội việc làm IT, giao diện thân thiện, dễ sử dụng.', NOW()),
(6, 4, 'Giao diện đẹp, nhưng cần thêm thông tin chi tiết về công ty tuyển dụng.', NOW()),
(7, 5, 'Rất hài lòng với các tin tuyển dụng chi tiết và cập nhật thường xuyên.', NOW()),
(8, 3, 'Cần thêm nhiều công việc ở Đà Nẵng, hiện tại hơi ít lựa chọn.', NOW()),
(9, 4, 'Hệ thống ổn định, tính năng lưu công việc rất tiện lợi.', NOW()),
(10, 5, 'Hỗ trợ ứng tuyển nhanh, quy trình rõ ràng, rất chuyên nghiệp.', NOW()),
(11, 4, 'Cần cải thiện tính năng thông báo khi có công việc mới phù hợp.', NOW()),
(12, 5, 'Nhiều công việc phù hợp với ngành tài chính, rất đáng để sử dụng.', NOW()),
(13, 3, 'Một số tin tuyển dụng đã hết hạn nhưng vẫn hiển thị.', NOW()),
(14, 4, 'Giao diện trên điện thoại tốt, dễ dàng tìm việc mọi lúc.', NOW()),
(15, 5, 'Hỗ trợ tìm việc rất chuyên nghiệp, nhiều công việc chất lượng cao.', NOW()),
(16, 4, 'Cần thêm hướng dẫn chi tiết cho người dùng mới, đặc biệt là cách ứng tuyển.', NOW()),
(17, 5, 'Rất hài lòng với các công việc IT, đặc biệt là vị trí lập trình.', NOW()),
(18, 3, 'Tính năng tìm kiếm chưa tối ưu, cần cải thiện bộ lọc.', NOW()),
(19, 4, 'Nhiều công việc marketing thú vị, phù hợp với người sáng tạo.', NOW()),
(20, 5, 'Nền tảng tuyệt vời để tìm việc giảng dạy, đặc biệt là công việc online.', NOW()),
(21, 4, 'Hỗ trợ ứng tuyển nhanh, nhưng cần thêm thông báo trạng thái ứng tuyển.', NOW()),
(22, 5, 'Rất hài lòng với các công việc tài chính, thông tin rõ ràng.', NOW()),
(23, 3, 'Cần thêm nhiều công việc part-time cho sinh viên.', NOW()),
(24, 4, 'Giao diện đẹp, dễ sử dụng, nhưng cần cải thiện tốc độ phản hồi.', NOW()),
(25, 5, 'Nhiều cơ hội cho lập trình viên game, rất phù hợp với đam mê.', NOW()),
(26, 4, 'Tốc độ phản hồi từ nhà tuyển dụng hơi chậm, cần cải thiện.', NOW()),
(27, 5, 'Hệ thống rất hữu ích, giúp tôi tìm được công việc phù hợp nhanh chóng.', NOW()),
(28, 3, 'Cần thêm bộ lọc theo mức lương để tìm việc dễ hơn.', NOW()),
(29, 4, 'Tin tuyển dụng chi tiết, dễ hiểu, giao diện thân thiện.', NOW()),
(30, 5, 'Nền tảng tuyệt vời để tìm việc bán hàng, nhiều cơ hội thăng tiến.', NOW());